# x_m,y_m,w_tr_right_m,w_tr_left_m
0.000000,0.000000,5.250,5.250
-1.608617,9.948600,5.250,5.250
0.643447,18.902340,5.250,5.250
6.434466,31.172280,5.250,5.250
11.903762,39.794400,5.250,5.250
28.955098,61.239160,5.250,5.250
115.579099,178.079940,5.250,5.250
121.611411,186.480980,5.250,5.250
130.539233,189.023400,5.250,5.250
141.397395,185.928280,5.250,5.250
148.957893,179.738040,5.250,5.250
154.427189,170.010520,5.250,5.250
155.553221,159.067060,5.250,5.250
155.794513,150.002780,5.250,5.250
156.679252,142.596600,5.250,5.250
161.183379,133.753400,5.250,5.250
166.411382,127.010460,5.250,5.250
176.143513,113.414040,5.250,5.250
182.738840,101.365180,5.250,5.250
185.312627,94.069540,5.250,5.250
188.610291,89.758480,5.250,5.250
193.838295,88.321460,5.250,5.250
199.870607,90.090100,5.250,5.250
204.374733,94.732780,5.250,5.250
205.742057,101.365180,5.250,5.250
202.766116,107.002720,5.250,5.250
195.125188,112.529720,5.250,5.250
172.524125,141.049040,5.250,5.250
169.306892,147.902520,5.250,5.250
169.226461,154.534920,5.250,5.250
170.995940,159.619760,5.250,5.250
173.408864,164.372980,5.250,5.250
184.025734,169.789440,5.250,5.250
200.433622,173.989960,5.250,5.250
209.361444,177.306160,5.250,5.250
218.530559,180.953980,5.250,5.250
231.238629,185.375580,5.250,5.250
245.072732,186.370440,5.250,5.250
252.391937,182.722620,5.250,5.250
255.126585,171.447540,5.250,5.250
252.552799,105.565700,5.250,5.250
242.338084,37.804680,5.250,5.250
231.721214,-5.305920,5.250,5.250
219.897883,-36.036040,5.250,5.250
199.629314,-71.187760,5.250,5.250
176.304374,-100.923020,5.250,5.250
142.523427,-137.511760,5.250,5.250
94.184499,-166.915400,5.250,5.250
65.390263,-180.953980,5.250,5.250
9.892992,-206.709800,5.250,5.250
-27.426912,-219.532440,5.250,5.250
-82.522029,-232.465620,5.250,5.250
-117.992024,-237.992620,5.250,5.250
-136.812838,-241.529900,5.250,5.250
-140.030071,-246.946360,5.250,5.250
-140.271363,-251.699580,5.250,5.250
-141.397395,-257.226580,5.250,5.250
-143.810320,-262.643040,5.250,5.250
-151.772972,-265.406540,5.250,5.250
-163.033288,-267.285720,5.250,5.250
-175.500066,-260.211160,5.250,5.250
-182.336686,-259.769000,5.250,5.250
-281.588328,-272.702180,5.250,5.250
-330.892425,-279.776740,5.250,5.250
-376.255412,-286.851300,5.250,5.250
-388.802621,-288.730480,5.250,5.250
-397.167427,-290.167500,5.250,5.250
-403.199739,-296.357740,5.250,5.250
-412.690577,-314.928460,5.250,5.250
-420.733659,-332.946480,5.250,5.250
-427.168126,-350.964500,5.250,5.250
-429.983205,-363.787140,5.250,5.250
-432.959145,-386.116220,5.250,5.250
-433.200438,-424.363060,5.250,5.250
-432.798284,-433.869500,5.250,5.250
-429.983205,-440.391360,5.250,5.250
-424.353047,-446.692140,5.250,5.250
-411.886268,-455.756420,5.250,5.250
-403.521462,-463.383680,5.250,5.250
-399.902075,-471.563640,5.250,5.250
-398.454320,-483.391420,5.250,5.250
-384.298494,-564.748860,5.250,5.250
-380.679107,-579.008520,5.250,5.250
-379.553076,-583.540660,5.250,5.250
-379.874799,-589.620360,5.250,5.250
-383.494186,-594.484120,5.250,5.250
-391.456838,-600.011120,5.250,5.250
-399.419490,-603.880020,5.250,5.250
-401.269399,-609.407020,5.250,5.250
-399.741213,-621.013720,5.250,5.250
-390.652530,-647.432780,5.250,5.250
-382.368155,-667.329980,5.250,5.250
-373.922918,-683.026660,5.250,5.250
-359.445369,-703.587100,5.250,5.250
-341.268002,-721.826200,5.250,5.250
-327.916484,-729.453460,5.250,5.250
-312.956350,-736.417480,5.250,5.250
-305.476283,-739.733680,5.250,5.250
-301.696034,-743.934200,5.250,5.250
-297.352770,-756.867380,5.250,5.250
-299.443971,-763.720860,5.250,5.250
-306.200161,-767.700300,5.250,5.250
-336.200860,-775.548640,5.250,5.250
-352.930472,-778.201600,5.250,5.250
-363.949495,-778.422680,5.250,5.250
-373.762056,-776.985660,5.250,5.250
-379.955230,-772.342980,5.250,5.250
-383.735479,-768.474080,5.250,5.250
-383.896340,-759.409800,5.250,5.250
-385.344095,-752.114160,5.250,5.250
-388.239605,-743.160420,5.250,5.250
-405.130079,-722.489440,5.250,5.250
-417.516426,-702.702780,5.250,5.250
-427.168126,-687.890420,5.250,5.250
-437.382841,-659.813260,5.250,5.250
-459.983903,-581.661480,5.250,5.250
-466.177077,-556.458360,5.250,5.250
-470.520342,-529.486600,5.250,5.250
-476.150500,-490.134360,5.250,5.250
-480.574195,-438.954340,5.250,5.250
-480.574195,-405.571260,5.250,5.250
-479.126440,-380.036520,5.250,5.250
-476.311361,-353.506920,5.250,5.250
-471.324650,-335.046740,5.250,5.250
-465.694492,-318.465740,5.250,5.250
-462.959844,-308.296060,5.250,5.250
-461.592520,-299.342320,5.250,5.250
-462.235966,-285.745900,5.250,5.250
-462.477259,-277.344860,5.250,5.250
-459.742611,-272.370560,5.250,5.250
-452.745129,-269.054360,5.250,5.250
-435.693793,-264.964380,5.250,5.250
-420.492367,-264.301140,5.250,5.250
-399.660783,-261.758720,5.250,5.250
-370.625254,-258.110900,5.250,5.250
-344.887389,-253.578760,5.250,5.250
-279.416695,-234.455340,5.250,5.250
-242.820669,-224.506740,5.250,5.250
-209.281014,-219.090280,5.250,5.250
-186.277797,-217.211100,5.250,5.250
-168.341722,-210.799780,5.250,5.250
-116.463838,-186.370440,5.250,5.250
-93.701914,-177.085080,5.250,5.250
-60.483982,-169.678900,5.250,5.250
-32.735347,-165.810000,5.250,5.250
-6.273605,-161.388400,5.250,5.250
8.606099,-156.193020,5.250,5.250
26.703035,-144.917940,5.250,5.250
42.387046,-128.668560,5.250,5.250
51.234437,-114.961600,5.250,5.250
55.175548,-100.591400,5.250,5.250
54.532101,-85.557960,5.250,5.250
51.958315,-71.408840,5.250,5.250
46.328157,-55.822700,5.250,5.250
38.848090,-41.010340,5.250,5.250
27.105189,-31.946060,5.250,5.250
15.844873,-21.444760,5.250,5.250
10.375577,-16.691540,5.250,5.250
5.308435,-11.606700,5.250,5.250
